{
  "Projects": [
      {
          "Id": 1,
          "Title": "Credit-maker",
          "Description": "CRedit Maker helps you to create CRediT (Contributor Roles Taxonomy) statements for your research papers. To learn more about CRediT, visit the [CRediT website](https://credit.niso.org/).",
          "Summary":"CRedit Maker helps you to create CRediT for your research papers.",
          "Tag": ["Andreas Bauer", "Credit"],
          "Screenshot": ["https://raw.githubusercontent.com/andreas-bauer/credit-maker/main/src/images/robot-logo128.png"
        ],
          "URL": "https://github.com/andreas-bauer/credit-maker",
          "Type": "Research project"
      },
      {
          "Id": 2,
          "Title": "Agents",
          "Description": "The Agents framework allows you to build AI-driven server programs that can see, hear, and speak in realtime. Your agent connects with end user devices through a LiveKit session. During that session, your agent can process text, audio, images, or video streaming from a user's device, and have an AI model generate any combination of those same modalities as output, and stream them back to the user.",
          "Summary":"The Agents framework allows you to build AI-driven server programs that can see, hear, and speak in realtime.",
          "Tag": ["AI"],
          "Screenshot": ["/images/agent.png",
          "https://github.com/livekit/agents/raw/main/.github/banner_dark.png"
        ],
          "URL": "https://github.com/livekit/agents",
          "Type": "Research project"
      },
      {
        "Id": 3,
        "Title": "Firecrawl",
        "Description": "Firecrawl is an API service that takes a URL, crawls it, and converts it into clean markdown or structured data. We crawl all accessible subpages and give you clean data for each. No sitemap required. Check out our documentation.",
        "Summary":"Firecrawl is an API service that takes a URL, crawls it, and converts it into clean markdown or structured data.",
        "Tag": ["API"],
        "Screenshot": ["https://raw.githubusercontent.com/mendableai/firecrawl/main/img/firecrawl_logo.png"],
        "URL": "https://github.com/mendableai/firecrawl",
        "Type": "Research project"
      },
      {
        "Id": 4,
        "Title": "Gptme",
        "Description": "Personal AI assistant in your terminal, with tools so it can: Use the terminal, run code, edit files, browse the web, use vision, and much more; Assists in all kinds of knowledge-work, especially programming, from a simple but powerful CLI. An unconstrained local alternative to ChatGPT's 'Code Interpreter'. Not limited by lack of software, internet access, timeouts, or privacy concerns (if using local models).",
        "Summary":"Personal AI assistant in your terminal",
        "Tag": ["AI"],
        "Screenshot": ["https://camo.githubusercontent.com/03227f519bbb11d2f84e3119f81d6274bb0e39bfb9e1c7d91ce33ade2102a814/68747470733a2f2f6770746d652e6f72672f6d656469612f6c6f676f2e706e67"
      ],
        "URL": "https://github.com/ErikBjare/gptme",
        "Type": "Research project"
      },
      {
        "Id": 5,
        "Title": "The Algorithms - Python",
        "Description": "Implementations are for learning purposes only. They may be less efficient than the implementations in the Python standard library. Use them at your discretion.",
        "Summary":"All algorithms implemented in Python - for education",
        "Tag": ["Learning"],
        "Screenshot": [
          "https://user-images.githubusercontent.com/51391473/141222955-00599571-4563-4785-b5ae-75a435faec12.png"
      ],
        "URL": "https://github.com/TheAlgorithms/Python",
        "Type": "Research project"
      },
      {
        "Id": 6,
        "Title": "Pokemon Auto Chess",
        "Description": "Non profit game. For fans, by fans.",
        "Summary":"Non profit game. For fans, by fans.",
        "Tag": ["Game"],
        "Screenshot": [
          "https://avatars.githubusercontent.com/u/82341301?s=280&v=4"
        ],
        "URL": "https://github.com/keldaanCommunity/pokemonAutoChess",
        "Type": "Research project"
      },
      {
        "Id": 7,
        "Title": "Hyprland",
        "Description": "Hyprland is a 100% independent, dynamic tiling Wayland compositor that doesn't sacrifice on its looks. It provides the latest Wayland features, is highly customizable, has all the eyecandy, the most powerful plugins, easy IPC, much more QoL stuff than other compositors and more...",
        "Summary":"Hyprland is a 100% independent, dynamic tiling Wayland compositor that doesn't sacrifice on its looks.",
        "Tag": ["Compositor"],
        "Screenshot": [
          "https://media.tenor.com/XSH2M_OiW9MAAAAi/hyprland-logo.gif"
        ],
        "URL": "https://github.com/hyprwm/Hyprland",
        "Type": "Research project"
      },
      {
        "Id": 8,
        "Title": "Screenpipe",
        "Description": "Library to build personalized AI powered by what you've seen, said, or heard. Works with Ollama. Alternative to Rewind.ai. Open. Secure. You own your data. Rust.",
        "Summary": "Library to build personalized AI powered by what you've seen, said, or heard.",
        "Tag": ["AI"],
        "Screenshot": [
          "https://screenpi.pe/1024x1024.png"
        ],
        "URL": "https://github.com/mediar-ai/screenpipe",
        "Type": "Research project"
      },
      {
        "Id": 9,
        "Title": "Ecapture",
        "Description": "Capture SSL/TLS text content without a CA certificate using eBPF",
        "Summary":"Capture SSL/TLS text content without a CA certificate using eBPF",
        "Tag": ["Capture"],
        "Screenshot": [
          "https://raw.githubusercontent.com/gojue/ecapture/master/images/ecapture-logo-400x400.png"
      ],
        "URL": "https://github.com/gojue/ecapture",
        "Type": "Research project"
      },
      {
        "Id": 10,
        "Title": "Meshery",
        "Description": "A self-service engineering platform, Meshery, is the open source, cloud native manager that enables the design and management of all Kubernetes-based infrastructure and applications (multi-cloud). Among other features, As an extensible platform, Meshery offers visual and collaborative GitOps, freeing you from the chains of YAML while managing Kubernetes multi-cluster deployments.",
        "Summary":"A self-service engineering platform, Meshery, enables the design and management of all Kubernetes-based infrastructure and applications",
        "Tag": ["Platform"],
        "Screenshot": [
          "https://meshery.io/assets/images/logos/meshery-logo.png"
      ],
        "URL": "https://github.com/meshery/meshery",
        "Type": "Research project"
      },
      {
        "Id": 11,
        "Title": "Pake",
        "Description": "Turn any webpage into a desktop app with Rust with ease.",
        "Summary":"Turn any webpage into a desktop app with Rust with ease.",
        "Tag": ["Rust", "App", "Desktop", "Website"],
        "Screenshot": [
          "https://camo.githubusercontent.com/9b05c7b6acb44e32adea61709f9a4af5190e8dae67ad8db6f5f39790678af2be/68747470733a2f2f67772e616c697061796f626a656374732e636f6d2f7a6f732f6b2f66612f6c6f676f2d6d6f6469666965642e706e67"
      ],
        "URL": "https://github.com/tw93/Pake",
        "Type": "Research project"
      },
      {
        "Id": 12,
        "Title": "Supervision",
        "Description": "We write your reusable computer vision tools. Whether you need to load your dataset from your hard drive, draw detections on an image or video, or count how many detections are in a zone. You can count on us! ",
        "Summary":"We write your reusable computer vision tools.",
        "Tag": ["Tools"],
        "Screenshot": ["/images/fox.png",
          "https://media.roboflow.com/open-source/supervision/rf-supervision-banner.png?updatedAt=1678995927529"
      ],
        "URL": "https://github.com/roboflow/supervision",
        "Type": "Research project"
      }
  ]
}
